City,Lat,Lng,Max Temp,Humidity,Cloudiness,Wind Speed,Country,Date
Punta Arenas,-53.15,-70.9167,53.71,47,40,32.21,CL,1643579868
Mataura,-46.1927,168.8643,68.49,68,48,0.47,NZ,1643580059
Otane,-39.8833,176.6333,68.38,60,100,3.98,NZ,1643580059
Taltal,-25.4,-70.4833,67.98,72,29,7.43,CL,1643579989
Ribeira Grande,38.5167,-28.7,59.13,73,47,26.37,PT,1643580060
Tautira,-17.7333,-149.15,84.22,75,94,11.48,PF,1643580061
Jacareacanga,-6.2222,-57.7528,72.5,95,100,0.98,BR,1643580061
Padang,-0.9492,100.3543,75.25,89,100,3.96,ID,1643580028
Bredasdorp,-34.5322,20.0403,69.28,90,85,10.4,ZA,1643580066
Dikson,73.5069,80.5464,-3.62,93,100,21.07,RU,1643579802
Ushuaia,-54.8,-68.3,47.86,61,75,33.38,AR,1643579890
Naze,28.3667,129.4833,50.92,67,92,19.53,JP,1643580068
Fortuna,40.5982,-124.1573,60.42,70,0,1.99,US,1643579813
Jamestown,42.097,-79.2353,20.08,45,100,3.0,US,1643580069
Zhaotong,27.3167,103.7167,27.27,83,99,5.75,CN,1643580069
Busselton,-33.65,115.3333,64.09,64,90,18.16,AU,1643580070
Vaini,-21.2,-175.2,80.15,77,100,12.71,TO,1643579970
Chui,-33.6971,-53.4616,73.56,68,20,14.29,UY,1643579965
Thompson,55.7435,-97.8558,4.91,92,100,5.97,CA,1643580071
Cabo San Lucas,22.8909,-109.9124,79.61,66,80,1.99,MX,1643580002
Tuktoyaktuk,69.4541,-133.0374,-4.22,96,100,17.13,CA,1643580072
Eureka,40.8021,-124.1637,60.67,76,90,1.99,US,1643580033
Huarmey,-10.0681,-78.1522,72.16,81,100,9.37,PE,1643579790
Marrakesh,31.6315,-8.0083,69.87,32,40,14.97,MA,1643579916
Muros,42.7762,-9.0603,51.84,64,0,5.44,ES,1643579920
Nouadhibou,20.931,-17.0347,66.18,63,100,14.97,MR,1643579814
São João da Barra,-21.6403,-41.0511,76.77,89,9,9.26,BR,1643580077
Hobart,-42.8794,147.3294,69.12,80,75,6.91,AU,1643580008
Oddur,4.1213,43.8894,72.97,26,100,12.37,SO,1643580078
Naro,37.2935,13.7936,43.56,89,0,6.2,IT,1643580079
Butaritari,3.0707,172.7902,82.04,76,17,20.92,KI,1643580080
Avarua,-21.2078,-159.775,73.45,94,75,6.91,CK,1643580081
Palmares do Sul,-30.2578,-50.5097,73.4,66,0,18.54,BR,1643580082
Rikitea,-23.1203,-134.9692,76.55,69,100,4.16,PF,1643580083
Nikolskoye,59.7035,30.7861,27.39,96,100,6.24,RU,1643579993
Kahului,20.8947,-156.47,79.84,69,4,10.0,US,1643579971
Abu Samrah,35.3029,37.1841,43.68,71,95,2.57,SY,1643580085
Cap Malheureux,-19.9842,57.6142,79.29,80,100,3.0,MU,1643580066
Hailar,49.2,119.7,-25.19,100,60,3.69,CN,1643580086
Puerto El Triunfo,13.2833,-88.55,88.54,44,37,3.49,SV,1643580087
Boden,65.8252,21.6886,3.2,95,14,5.03,SE,1643580087
Uusikaupunki,60.8004,21.4084,25.32,87,100,15.79,FI,1643580088
Upernavik,72.7868,-56.1549,-3.71,87,100,6.26,GL,1643580088
Hilo,19.7297,-155.09,78.12,58,83,5.01,US,1643580008
Marawi,7.9986,124.2928,64.65,92,16,1.54,PH,1643580090
Kavaratti,10.5669,72.642,81.23,73,13,8.32,IN,1643580091
Mehamn,71.0357,27.8492,28.31,82,99,5.26,NO,1643580091
Constitución,-35.3333,-72.4167,65.75,67,5,19.95,CL,1643580092
Cherskiy,68.75,161.3,-27.58,99,98,1.05,RU,1643580093
Ahipara,-35.1667,173.1667,74.28,56,97,13.11,NZ,1643579891
Sistranda,63.7256,8.834,32.9,53,87,1.32,NO,1643580094
Ribeira Brava,32.65,-17.0667,65.12,39,1,10.02,PT,1643580095
Mar del Plata,-38.0023,-57.5575,66.87,86,40,18.01,AR,1643579854
Longido,-2.7333,36.6833,67.21,75,98,9.15,TZ,1643580096
Castro,-24.7911,-50.0119,63.91,97,98,8.19,BR,1643580096
Qaanaaq,77.484,-69.3632,-8.9,69,100,5.48,GL,1643580098
Lebu,-37.6167,-73.65,60.28,65,0,20.49,CL,1643580099
Mabaruma,8.2,-59.7833,76.46,77,39,5.95,GY,1643580101
Saskylakh,71.9167,114.0833,-19.66,100,99,2.37,RU,1643580102
Bayanday,53.0661,105.5139,-18.76,100,100,3.24,RU,1643580102
Albany,42.6001,-73.9662,18.84,39,11,4.0,US,1643580002
Gilgit,35.9221,74.3087,28.24,72,83,3.42,PK,1643580103
Waipawa,-41.4122,175.5153,69.93,68,77,7.7,NZ,1643580104
Nizwá,22.9333,57.5333,67.75,43,0,1.79,OM,1643580105
Hermanus,-34.4187,19.2345,71.91,86,97,12.95,ZA,1643580093
Arraial do Cabo,-22.9661,-42.0278,75.67,90,90,10.02,BR,1643580108
Baykit,61.67,96.37,-4.34,99,100,0.4,RU,1643580108
Beloha,-25.1667,45.05,72.82,76,91,15.46,MG,1643580110
Qaqortoq,60.7167,-46.0333,21.7,63,100,16.82,GL,1643580111
Chełmno,53.3485,18.4251,40.44,63,55,19.13,PL,1643580112
Yellowknife,62.456,-114.3525,-6.59,83,100,8.99,CA,1643580011
Talcahuano,-36.7167,-73.1167,67.68,52,0,19.57,CL,1643580113
Adrar,20.5022,-10.0711,75.31,13,100,10.11,MR,1643579890
Lavrentiya,65.5833,-171.0,-5.8,90,4,3.74,RU,1643580115
Pevek,69.7008,170.3133,-13.88,96,99,1.99,RU,1643580116
Guarapari,-20.6667,-40.4975,79.9,91,52,5.06,BR,1643580118
Husavik,66.0449,-17.3389,22.75,67,40,27.76,IS,1643580118
Gizo Government Station,-8.103,156.8419,83.66,74,100,8.61,SB,1643579940
Gamba,-2.65,10.0,77.22,86,100,2.86,GA,1643580120
Jiaocheng,24.6774,116.1389,39.63,86,42,3.18,CN,1643580121
Carauari,-4.8828,-66.8958,79.07,87,96,3.27,BR,1643580121
Ilulissat,69.2167,-51.1,5.02,56,75,13.8,GL,1643580122
Port Elizabeth,-33.918,25.5701,71.1,90,94,10.38,ZA,1643580016
Port Alfred,-33.5906,26.891,73.78,88,97,17.18,ZA,1643579973
Cochabamba,-17.3895,-66.1568,69.8,54,91,2.8,BO,1643580124
Grindavik,63.8424,-22.4338,27.07,68,75,36.82,IS,1643580125
Vanimo,-2.6741,141.3028,76.5,89,100,8.48,PG,1643580125
Ylivieska,64.0833,24.55,17.31,94,100,6.73,FI,1643580125
Deputatsky,69.3,139.9,-25.15,100,73,2.3,RU,1643580127
Hasaki,35.7333,140.8333,30.6,48,100,16.82,JP,1643580127
Esperance,-33.8667,121.9,64.24,78,45,13.06,AU,1643579933
Cayenne,4.9333,-52.3333,78.84,87,75,11.01,GF,1643580056
Solone,48.2081,34.8721,32.05,94,98,13.4,UA,1643580128
Sokolo,14.7328,-6.1219,78.48,14,34,9.84,ML,1643580129
Banjarmasin,-3.3244,114.591,77.14,90,100,2.59,ID,1643580129
Hong Kong,22.2855,114.1577,58.32,77,86,1.99,HK,1643580054
Winchester,51.0651,-1.3187,48.02,85,40,8.99,GB,1643580121
Alyangula,-13.8483,136.4192,82.6,76,100,19.44,AU,1643580131
Bluff,-46.6,168.3333,68.81,85,93,4.43,NZ,1643580132
Khuzdar,27.7384,66.6434,54.84,39,0,5.3,PK,1643580133
Pishin,30.5803,66.9961,44.46,59,19,3.87,PK,1643580133
Kapaa,22.0752,-159.319,80.58,75,12,4.0,US,1643580098
Tuatapere,-46.1333,167.6833,68.83,68,17,2.59,NZ,1643580135
Aden,12.7794,45.0367,76.64,71,28,13.13,YE,1643580135
New Norfolk,-42.7826,147.0587,68.76,72,4,2.37,AU,1643580136
Qingyuan,23.7,113.0333,46.38,62,99,7.63,CN,1643580136
Cape Town,-33.9258,18.4232,68.11,79,0,3.0,ZA,1643579920
Faanui,-16.4833,-151.75,80.6,72,11,9.1,PF,1643580137
Washington,47.5001,-120.5015,38.93,93,100,3.96,US,1643580101
Cockburn Town,21.4612,-71.1419,74.79,74,91,20.89,TC,1643580138
Narasannapeta,18.4167,84.05,65.01,82,0,3.94,IN,1643580138
Faya,18.3851,42.4509,57.31,84,11,4.23,SA,1643579980
Geraldton,-28.7667,114.6,72.01,88,100,13.8,AU,1643580139
Kiama,-34.6833,150.8667,79.57,76,26,1.99,AU,1643580140
Yeniseysk,58.4497,92.1703,-1.01,99,100,2.59,RU,1643580140
Bethel,41.3712,-73.414,23.76,50,24,1.01,US,1643580140
Āron,24.3833,77.4167,56.53,37,0,5.7,IN,1643580141
Araouane,18.9048,-3.5265,73.17,15,43,10.67,ML,1643580141
Saint-Leu,-21.15,55.2833,77.86,77,20,14.25,RE,1643580142
Puerto Ayora,-0.7393,-90.3518,76.15,73,100,8.79,EC,1643580092
Narsaq,60.9167,-46.05,21.42,72,100,17.52,GL,1643580143
Tasiilaq,65.6145,-37.6368,8.76,50,96,12.75,GL,1643580143
Stykkisholmur,65.0757,-22.7297,25.02,55,100,31.09,IS,1643580008
Souillac,-20.5167,57.5167,79.18,94,75,11.5,MU,1643580144
Tessalit,20.1986,1.0114,69.84,14,28,11.07,ML,1643580145
Barghāt,22.0333,79.7167,57.52,31,3,3.78,IN,1643580145
Egvekinot,66.3167,-179.1667,-1.05,65,63,7.92,RU,1643579902
George Town,5.4112,100.3354,81.9,90,20,1.99,MY,1643579877
Izumo,35.3667,132.7667,35.49,87,75,10.36,JP,1643580147
Saint-Félicien,48.6501,-72.4491,5.14,82,89,7.36,CA,1643580147
Hisor,38.525,68.5512,37.15,69,95,1.59,TJ,1643580148
Umm Kaddadah,13.6017,26.6876,57.42,17,0,14.43,SD,1643580148
Sinnamary,5.3833,-52.95,76.39,87,51,11.9,GF,1643580149
Iqaluit,63.7506,-68.5145,-15.07,76,40,5.75,CA,1643579882
Willowmore,-33.2926,23.4895,71.13,62,96,7.2,ZA,1643580149
Punta de Bombón,-17.1717,-71.7931,71.71,69,97,7.63,PE,1643580150
Vuktyl,63.8567,57.3094,4.33,97,100,4.14,RU,1643580150
Mandalgovi,45.7625,106.2708,-1.68,82,9,8.48,MN,1643580151
Tigzirt,36.8886,4.1198,51.85,62,0,5.03,DZ,1643580152
Barrow,71.2906,-156.7887,-7.58,84,100,10.36,US,1643580152
Lagoa,39.05,-27.9833,58.53,70,50,26.51,PT,1643580153
Masvingo,-20.0637,30.8277,64.15,88,37,4.38,ZW,1643580153
Damietta,31.4165,31.8133,53.64,54,100,9.93,EG,1643580154
Xining,36.6167,101.7667,8.47,73,53,3.0,CN,1643580012
Khatanga,71.9667,102.5,-5.91,98,99,9.71,RU,1643580097
Hithadhoo,-0.6,73.0833,81.55,70,86,9.4,MV,1643579924
Atuona,-9.8,-139.0333,78.08,77,11,13.69,PF,1643580103
Pacifica,37.6138,-122.4869,65.52,71,20,5.01,US,1643580070
Nago,26.5881,127.9761,59.07,66,98,20.62,JP,1643580157
Te Anau,-45.4167,167.7167,66.97,70,21,0.67,NZ,1643580158
Njeru,0.4186,33.1731,71.94,70,99,3.71,UG,1643580158
Bima,-8.4667,118.7167,76.33,94,100,1.7,ID,1643580159
Cidreira,-30.1811,-50.2056,73.87,70,6,18.28,BR,1643580160
Mezen',65.8522,44.24,9.66,96,100,6.04,RU,1643580161
Zhigansk,66.7697,123.3711,-33.05,100,100,2.06,RU,1643580162
Paka,4.6374,103.4368,74.95,85,69,3.15,MY,1643580162
Codrington,-38.2667,141.9667,67.01,88,54,6.4,AU,1643580163
Billings Metropolitan Area,45.7833,-108.5007,52.5,30,60,13.0,US,1643579922
Saint-Philippe,-21.3585,55.7679,78.39,82,46,11.36,RE,1643580164
Bereda,43.2686,-7.5406,43.92,99,12,3.2,ES,1643580164
Khasan,42.4308,130.6434,18.73,50,0,15.43,RU,1643580165
San Quintín,30.4833,-115.95,64.24,47,1,8.66,MX,1643580165
Comodoro Rivadavia,-45.8667,-67.5,62.46,34,40,11.5,AR,1643579994
Samarai,-10.6167,150.6667,81.86,74,100,8.88,PG,1643580167
Tchibanga,-2.85,11.0333,71.91,96,100,2.28,GA,1643580167
Portland,45.5234,-122.6762,54.19,72,100,5.01,US,1643580143
Urengoy,65.9667,78.3667,-7.31,100,88,7.38,RU,1643579896
Caravelas,-17.7125,-39.2481,79.61,83,22,11.5,BR,1643580168
Kavieng,-2.5744,150.7967,81.64,75,89,2.28,PG,1643580169
Dinkelsbühl,49.0694,10.3199,36.25,82,31,5.14,DE,1643580170
Leningradskiy,69.3833,178.4167,-14.04,94,90,3.74,RU,1643580170
San Cristobal,7.7669,-72.225,74.48,65,96,4.61,VE,1643580171
Smithers,54.7804,-127.1743,32.32,80,75,4.61,CA,1643580171
Lüderitz,-26.6481,15.1594,64.98,87,75,8.39,NA,1643580171
Port Lincoln,-34.7333,135.8667,67.14,82,47,9.22,AU,1643580076
Presidencia Roque Sáenz Peña,-26.7852,-60.4388,98.08,11,0,6.24,AR,1643580173
Pangnirtung,66.1451,-65.7125,-21.03,84,94,5.77,CA,1643580173
Mount Isa,-20.7333,139.5,74.97,100,75,5.75,AU,1643580043
Saint Paul Harbor,57.79,-152.4072,27.43,78,41,5.17,US,1643580174
Abengourou,6.7297,-3.4964,73.92,23,80,4.41,CI,1643580175
Mossamedes,-15.1961,12.1522,73.26,71,100,5.23,AO,1643579910
Ponta do Sol,32.6667,-17.1,65.12,39,1,9.37,PT,1643580176
East London,-33.0153,27.9116,74.61,83,83,15.01,ZA,1643580161
Yumen,40.2833,97.2,14.25,44,100,6.46,CN,1643579995
Vostok,46.4856,135.8833,-21.87,99,66,3.49,RU,1643580178
Mahébourg,-20.4081,57.7,79.09,94,75,11.5,MU,1643580064
Severobaykal'sk,55.65,109.3167,-7.74,96,99,2.08,RU,1643580179
Acaraú,-2.8856,-40.12,77.29,82,100,10.6,BR,1643580179
Ecoporanga,-18.3733,-40.8306,78.6,71,97,4.12,BR,1643580180
Quesnel,52.9999,-122.5029,34.3,93,100,4.61,CA,1643580180
Estelle,29.8458,-90.1067,66.99,41,0,11.5,US,1643580177
Severo-Kuril'sk,50.6789,156.125,27.75,95,100,11.05,RU,1643580181
Yerbogachën,61.2767,108.0108,-18.09,100,93,3.06,RU,1643580182
Magadan,59.5667,150.8,5.63,77,86,12.77,RU,1643580183
Chimbote,-9.0853,-78.5783,72.75,78,100,10.27,PE,1643580184
Ola,59.5833,151.2833,5.25,78,98,13.51,RU,1643580184
Tabas,33.5959,56.9244,45.05,28,0,3.98,IR,1643580186
Itarema,-2.9248,-39.9167,76.91,83,100,8.77,BR,1643580186
Olafsvik,64.8945,-23.7142,27.61,55,100,32.46,IS,1643580187
Nanortalik,60.1432,-45.2371,16.25,88,100,21.97,GL,1643580187
Béjar,40.3864,-5.7634,44.58,48,26,4.65,ES,1643580188
Skjervøy,70.0311,20.9714,28.74,62,76,9.24,NO,1643580188
Orós,-6.2444,-38.9136,80.53,53,69,3.87,BR,1643580189
Coquimbo,-29.9533,-71.3436,66.2,79,40,9.66,CL,1643580055
Forio,40.7342,13.8646,55.42,80,98,3.0,IT,1643580194
Bereket,39.2446,55.5154,41.32,69,73,9.08,TM,1643580195
Haines Junction,60.7522,-137.5108,9.77,90,98,2.84,CA,1643580196
Bambanglipuro,-7.95,110.2833,61.61,89,100,4.23,ID,1643580198
Mahibadhoo,3.7833,72.9667,81.97,75,79,11.9,MV,1643580121
Sol'vychegodsk,61.3305,46.9156,0.5,98,47,4.25,RU,1643580200
Slave Lake,55.2834,-114.769,27.79,93,91,2.8,CA,1643580200
Guerrero Negro,27.9769,-114.0611,65.1,52,90,14.0,MX,1643580201
Ulmu,44.95,27.3167,39.54,57,51,14.92,RO,1643580202
Auki,-8.7676,160.7034,81.81,80,99,1.95,SB,1643580203
Havre-St-Pierre,50.2334,-63.5986,5.36,78,20,14.97,CA,1643580204
Lamu,-2.2717,40.902,76.89,84,73,10.38,KE,1643580204
Nemuro,43.3236,145.575,15.78,68,39,12.19,JP,1643580205
Marsá Maţrūḩ,31.3525,27.2453,55.4,74,62,15.97,EG,1643580205
Bengkulu,-3.8004,102.2655,75.72,89,100,3.8,ID,1643580033
Necochea,-38.5473,-58.7368,68.04,65,72,20.24,AR,1643580207
Santa Fe,-31.6333,-60.7,89.98,25,0,1.99,AR,1643580207
São Sebastião do Passé,-12.5125,-38.4953,83.75,79,74,6.46,BR,1643580208
Kaeo,-35.1,173.7833,72.32,75,99,14.61,NZ,1643580135
Dingle,10.9995,122.6711,73.74,94,66,3.74,PH,1643580209
Clyde River,70.4692,-68.5914,-25.37,68,100,5.75,CA,1643580209
Aykhal,66.0,111.5,-21.82,100,90,3.69,RU,1643580209
Sibolga,1.7427,98.7792,75.78,90,95,3.44,ID,1643580210
Guarujá,-23.9931,-46.2564,78.4,26,97,0.49,BR,1643580211
San Benito,36.6166,-121.0844,57.94,52,0,5.32,US,1643580212
Baloda Bāzār,21.6667,82.1667,56.84,31,0,3.78,IN,1643580213
Port Moresby,-9.4431,147.1797,75.96,86,100,10.74,PG,1643580213
Saldanha,-33.0117,17.9442,65.32,92,87,8.72,ZA,1643580214
Madimba,-10.4,40.3333,76.12,87,42,0.72,TZ,1643580214
Miyako,39.6367,141.9525,24.6,63,84,6.96,JP,1643580215
Marsh Harbour,26.5412,-77.0636,63.36,56,98,11.5,BS,1643580003
Yulara,-25.2406,130.9889,74.82,81,100,17.81,AU,1643580216
Kindu,-2.95,25.95,72.54,83,100,3.02,CD,1643580216
Chiredzi,-21.05,31.6667,71.13,61,100,4.45,ZW,1643580218
Manicoré,-5.8092,-61.3003,75.9,88,100,2.48,BR,1643580218
Lima,-12.0432,-77.0282,75.9,72,0,3.0,PE,1643579707
Sisimiut,66.9395,-53.6735,4.46,82,100,17.2,GL,1643580219
Isangel,-19.55,169.2667,77.27,94,100,9.78,VU,1643580220
La Ronge,55.1001,-105.2842,14.61,93,99,3.85,CA,1643580078
Sernur,56.9333,49.1536,9.39,97,95,5.03,RU,1643580220
Coxen Hole,16.3244,-86.5366,73.27,85,100,4.0,HN,1643580017
Nuuk,64.1835,-51.7216,12.81,67,40,18.41,GL,1643580223
San Juan del Paraná,-27.3,-55.9667,93.25,27,20,8.05,PY,1643580223
Fairhope,30.523,-87.9033,62.76,60,0,8.05,US,1643579939
Mangai,-4.05,19.5333,77.04,70,100,0.65,CD,1643580224
Pisco,-13.7,-76.2167,73.45,68,75,4.61,PE,1643580225
Price,39.5994,-110.8107,47.12,28,0,0.0,US,1643580204
Soyo,-6.1349,12.3689,78.8,86,100,6.22,AO,1643580226
Iki-Burul,45.8208,44.6472,30.54,90,70,8.34,RU,1643580226
Trairi,-3.2778,-39.2689,76.46,89,100,6.17,BR,1643580227
Leh,34.1667,77.5833,7.39,93,100,0.89,IN,1643580228
Gorom-Gorom,14.4439,-0.2361,73.62,12,9,11.25,BF,1643580228
Coyhaique,-45.5752,-72.0662,56.01,47,40,8.05,CL,1643580229
Bosaso,11.2842,49.1816,73.54,72,81,3.58,SO,1643579946
Barra de Tecoanapa,16.5167,-98.75,83.41,64,3,11.01,MX,1643580230
Tsumeb,-19.2333,17.7167,69.03,87,100,4.32,NA,1643580231
Shubarshi,48.5872,57.1869,25.52,95,100,14.23,KZ,1643580154
Bintulu,3.1667,113.0333,75.97,91,100,3.89,MY,1643580233
Vestmannaeyjar,63.4427,-20.2734,31.59,62,100,39.28,IS,1643580234
Ciudad Bolivar,8.1222,-63.5497,89.58,35,19,12.88,VE,1643580234
Härnösand,62.6323,17.9379,32.0,76,5,11.7,SE,1643580235
Erenhot,43.6475,111.9767,4.59,89,100,17.54,CN,1643580236
Praia,14.9215,-23.5087,70.34,68,75,20.71,CV,1643580236
Cavalcante,-13.7975,-47.4583,69.15,92,100,1.43,BR,1643580237
Sobolevo,54.4299,31.8996,30.54,92,99,7.14,RU,1643580237
Salinópolis,-0.6136,-47.3561,77.59,87,100,11.1,BR,1643580149
La Plaine,15.3333,-61.25,75.7,76,37,9.71,DM,1643580238
Harsūd,22.1,76.7333,60.94,29,2,1.61,IN,1643580238
Balabac,7.9868,117.0645,79.66,79,15,4.05,PH,1643580239
Riohacha,11.5444,-72.9072,79.38,72,4,15.43,CO,1643580239
Takoradze,4.8845,-1.7554,79.27,82,99,6.04,GH,1643580240
Koumac,-20.5667,164.2833,80.8,73,98,4.74,NC,1643580241
Ketchikan,55.3422,-131.6461,37.87,87,100,12.66,US,1643580241
Tacoronte,28.4769,-16.4102,57.56,66,5,1.99,ES,1643580090
Chokurdakh,70.6333,147.9167,-29.99,93,16,2.8,RU,1643580242
Gusau,12.1628,6.6614,67.66,15,67,11.95,NG,1643580243
Yuxia,34.0615,108.6291,31.33,39,84,2.95,CN,1643580243
Klaksvík,62.2266,-6.589,36.52,78,100,41.85,FO,1643580244
Soe,-9.8607,124.284,67.3,88,72,7.83,ID,1643580244
Davenda,53.5556,119.317,-5.31,91,100,4.05,RU,1643580245
Høyanger,61.2204,6.0749,33.19,89,100,7.43,NO,1643580245
Bandarbeyla,9.4942,50.8122,75.54,76,96,15.9,SO,1643580246
Saint George,37.1041,-113.5841,64.87,17,0,1.01,US,1643580241
Vadum,57.1179,9.857,36.91,86,75,1.14,DK,1643580247
Øksfjord,70.2396,22.3479,31.12,84,37,9.78,NO,1643580247
Vardø,70.3705,31.1107,28.15,80,40,10.36,NO,1643580248
Brewster,41.3973,-73.6171,24.04,52,21,1.01,US,1643580248
Koster,-25.863,26.8976,59.52,91,100,5.7,ZA,1643580249
At-Bashi,41.1702,75.8106,2.48,77,89,2.01,KG,1643580250
Roquetas de Mar,36.7642,-2.6148,52.61,59,0,3.36,ES,1643580250
Fairbanks,64.8378,-147.7164,-8.09,76,70,0.94,US,1643580126
Luwuk,-0.9516,122.7875,76.87,81,99,5.55,ID,1643580251
Ucluelet,48.9329,-125.5528,43.11,93,100,7.0,CA,1643580252
Raudeberg,61.9875,5.1352,33.19,69,100,3.0,NO,1643580058
Lorengau,-2.0226,147.2712,78.69,86,100,11.9,PG,1643580253
Alta Floresta,-9.8756,-56.0861,71.15,96,98,3.6,BR,1643579996
Umm Hājar,13.2954,19.6966,66.76,15,1,13.47,TD,1643580253
Dale,38.1689,-86.99,40.78,56,0,10.36,US,1643580095
Remiremont,48.0175,6.5882,36.09,95,11,2.98,FR,1643580254
Solnechnyy,50.7214,136.6319,-10.7,98,88,3.2,RU,1643580255
Vila Velha,-20.3297,-40.2925,79.95,82,86,1.01,BR,1643580065
Lata,40.1629,-8.3327,46.81,55,99,3.15,PT,1643580257
Mahajanga,-15.7167,46.3167,79.66,82,7,7.29,MG,1643580258
Ancud,-41.8697,-73.8203,60.42,58,32,12.21,CL,1643580103
Benxi,41.2886,123.765,3.52,40,46,3.96,CN,1643580259
Camaná,-16.6228,-72.7111,72.75,70,22,7.67,PE,1643580260
Menongue,-14.6585,17.691,62.2,87,100,2.84,AO,1643580261
Prado,-17.3411,-39.2208,79.27,83,11,13.85,BR,1643580262
Port Blair,11.6667,92.75,71.51,72,42,8.39,IN,1643580263
Mount Gambier,-37.8333,140.7667,62.51,100,100,4.61,AU,1643580137
Asenovgrad,42.0167,24.8667,44.08,42,64,27.63,BG,1643580263
Butte,39.6499,-121.5677,63.95,45,0,5.75,US,1643580264
Hofn,64.2539,-15.2082,25.65,51,0,22.35,IS,1643580148
Laem Sing,12.4816,102.0738,83.14,84,16,4.88,TH,1643580265
Fort Nelson,58.8053,-122.7002,2.93,87,100,7.47,CA,1643580070
Heraclea,37.5133,34.0467,24.21,79,28,5.19,TR,1643580266
Boali,4.8005,18.1275,76.32,20,65,4.5,CF,1643580266
Kenora,49.8167,-94.4337,12.78,78,100,8.01,CA,1643580267
Kothāpet,19.3333,79.4833,62.74,30,0,1.07,IN,1643580267
Maxixe,-23.8597,35.3472,73.76,84,67,6.69,MZ,1643580268
Okhotsk,59.3833,143.3,13.64,73,100,17.78,RU,1643580252
Naranjito,-2.2167,-79.4833,78.48,93,100,1.32,EC,1643580270
Vallenar,-28.5708,-70.7581,75.74,45,0,7.83,CL,1643580270
Prince Rupert,54.3161,-130.3201,37.49,87,100,4.61,CA,1643580075
Kloulklubed,7.0419,134.2556,75.7,72,97,13.6,PW,1643580271
Longyearbyen,78.2186,15.6401,8.44,61,0,20.71,SJ,1643580272
Awjilah,29.1081,21.2869,53.55,59,73,14.56,LY,1643580272
Karakulino,56.012,53.7067,16.7,97,99,5.06,RU,1643580273
Djambala,-2.5447,14.7533,70.74,82,96,3.83,CG,1643580273
Rawson,-43.3002,-65.1023,57.99,48,69,13.4,AR,1643580106
Dubrovnik,42.6481,18.0922,51.44,37,0,10.36,HR,1643580274
Goderich,43.7501,-81.7165,23.92,83,82,5.64,CA,1643580275
Zhangaözen,43.3,52.8,39.15,72,100,14.09,KZ,1643580275
Praia da Vitória,38.7333,-27.0667,58.75,84,48,24.05,PT,1643580146
Ossora,59.2353,163.0719,29.98,92,100,19.15,RU,1643580276
Pawai,24.2667,80.1667,57.2,35,0,0.38,IN,1643580277
Warah,27.4481,67.7978,60.6,30,0,3.6,PK,1643580277
Carnarvon,-24.8667,113.6333,77.52,73,57,21.47,AU,1643580278
Young,-32.6833,-57.6333,85.23,38,0,2.86,UY,1643580279
Karatau,43.1667,70.4667,26.02,85,90,0.27,KZ,1643580279
Filingué,14.3521,3.3168,72.37,12,15,13.11,NE,1643580280
Dwārka,22.2394,68.9678,69.85,80,0,9.66,IN,1643580280
Ţahţā,26.7693,31.5021,50.7,47,1,5.97,EG,1643580281
Vila,42.0304,-8.1588,40.93,52,0,2.8,PT,1643580281
Los Llanos de Aridane,28.6585,-17.9182,58.75,78,5,8.99,ES,1643580282
Djibouti,11.5,42.5,67.39,69,2,15.28,DJ,1643580075
Arrondissement de Saverne,48.8333,7.25,34.21,92,33,4.36,FR,1643580282
Sigiriya,7.9518,80.7426,70.43,98,42,2.71,LK,1643580283
Kattivākkam,13.2167,80.3167,78.08,83,7,1.21,IN,1643580283
Tuntum,-5.2581,-44.6489,73.18,93,93,1.23,BR,1643580284
Aklavik,68.2191,-135.0107,0.3,97,100,4.54,CA,1643580285
Saint-Augustin,51.226,-58.6502,17.67,88,99,32.17,CA,1643580286
Luang Prabang,19.8856,102.1347,58.28,83,19,1.5,LA,1643580286
Valparaíso,-33.0393,-71.6273,77.23,63,0,14.97,CL,1643579988
Chumikan,54.7183,135.315,-3.12,83,100,18.41,RU,1643580287
Alamosa,37.4695,-105.87,38.71,35,0,4.61,US,1643580287
Sterling,39.0062,-77.4286,32.05,54,100,3.0,US,1643580282
Manaus,-3.1019,-60.025,77.5,94,75,5.75,BR,1643580000
Lakatoro,-16.0999,167.4164,80.44,83,100,8.12,VU,1643580289
Herblay-sur-Seine,49.0,2.1667,45.01,83,100,5.75,FR,1643580289
Dongsheng,39.8161,109.9776,7.09,49,0,15.41,CN,1643580290
Voss,60.623,6.4229,33.6,95,100,3.69,NO,1643580291
Caibarién,22.5206,-79.4669,65.52,53,45,12.12,CU,1643580291
Labuhan,-6.8844,112.2051,78.01,86,100,8.1,ID,1643580292
Berlevåg,70.8578,29.0864,30.2,93,100,6.91,NO,1643580292
Saint Anthony,45.0205,-93.218,24.42,65,0,1.99,US,1643580072
Bertoua,4.5833,13.6833,71.24,28,92,3.91,CM,1643580293
Departamento de Maldonado,-34.6667,-54.9167,81.23,61,0,5.79,UY,1643580294
Lompoc,34.6391,-120.4579,75.02,42,0,19.57,US,1643580288
Ampanihy,-24.7,44.75,70.52,75,83,12.66,MG,1643580295
Rio Grande,-32.035,-52.0986,77.95,72,21,19.55,BR,1643580296
Broome,42.2506,-75.833,19.98,66,75,6.91,US,1643580296
Warwick,41.7001,-71.4162,22.95,46,9,3.0,US,1643580029
Xingyi,24.1877,102.817,41.94,97,50,4.07,CN,1643580297
Yerofey Pavlovich,53.9667,121.9667,-5.71,94,100,2.98,RU,1643580298
Grand Gaube,-20.0064,57.6608,79.2,81,100,3.0,MU,1643580299
Aksarka,66.5606,67.7975,-12.5,100,85,4.5,RU,1643580300
Tiksi,71.6872,128.8694,-18.11,100,96,4.45,RU,1643580300
Sanguéya,10.7,-14.3667,73.02,85,9,1.25,GN,1643580301
Dunedin,-45.8742,170.5036,67.8,69,0,15.01,NZ,1643580040
Wanning,18.8003,110.3967,69.39,85,99,13.31,CN,1643580250
Timbiquí,2.7717,-77.6654,75.18,91,100,3.2,CO,1643580302
Atambua,-9.1061,124.8925,74.64,87,91,7.76,ID,1643580303
Kolpashevo,58.3131,82.9089,3.2,95,98,7.11,RU,1643580303
Kamenka,51.3223,42.7678,26.74,95,100,13.76,RU,1643580304
Marzuq,14.4,46.4667,60.44,82,4,5.53,YE,1643580305
Broken Hill,-31.95,141.4333,77.14,69,100,3.31,AU,1643580306
Inírida,3.8653,-67.9239,86.99,45,16,1.25,CO,1643580306
Bathsheba,13.2167,-59.5167,79.41,69,40,13.8,BB,1643580307
Fuyang,32.9,115.8167,34.38,84,100,5.28,CN,1643580309
Iskateley,67.6803,53.1512,12.96,93,100,14.72,RU,1643580310
Yatou,37.15,122.3833,30.52,63,6,6.78,CN,1643580310
Pitsunda,43.1592,40.3378,39.38,67,99,13.11,GE,1643580311
Bubanza Province,-3.1167,29.4,68.52,98,100,1.43,BI,1643580312
Collinsville,38.6703,-89.9846,39.83,50,0,8.99,US,1643580312
Lumeje,-11.55,20.7833,65.26,84,100,4.94,AO,1643580313
Jalu,29.0331,21.5482,54.41,57,73,15.52,LY,1643580313
Hede,33.7681,120.2517,30.99,68,75,5.93,CN,1643580314
Houma,29.5958,-90.7195,66.0,49,0,13.8,US,1643580088
Cabra,37.4725,-4.4421,51.91,37,60,3.62,ES,1643580315
Fuengirola,36.54,-4.6247,58.35,44,20,6.91,ES,1643580167
Nelson Bay,-32.7167,152.15,79.09,81,80,4.74,AU,1643580316
Krasnosel'kup,65.7,82.4667,0.48,95,98,8.08,RU,1643580316
Acapulco de Juárez,16.8634,-99.8901,84.02,70,20,4.61,MX,1643580290
Shache,38.4167,77.2406,28.71,41,100,1.86,CN,1643580249
Fort-Shevchenko,44.5086,50.263,36.99,86,91,8.39,KZ,1643580079
Odienné,9.51,-7.5692,78.8,15,36,4.36,CI,1643580318
Porto-Novo,6.4965,2.6036,75.78,66,75,2.04,BJ,1643580318
Sehithwa,-20.4667,22.7167,68.79,88,81,7.02,BW,1643580319
Jinchang,38.4953,102.1739,15.15,39,70,5.88,CN,1643580320
Kalmunai,7.4167,81.8167,76.33,88,50,5.06,LK,1643580321
Vao,-22.6667,167.4833,79.07,84,100,5.88,NC,1643580237
Malanje,-9.5402,16.341,64.45,96,100,3.62,AO,1643580322
Salalah,17.0151,54.0924,68.04,68,13,1.88,OM,1643580113
Bratsk,56.1325,101.6142,-6.66,99,100,1.16,RU,1643580323
Consolación del Sur,22.5047,-83.5136,64.98,48,2,12.5,CU,1643580323
Kamalasai,16.3384,103.5756,73.24,74,51,10.47,TH,1643580325
Norman Wells,65.282,-126.8329,-11.2,97,99,6.53,CA,1643580325
Loudéac,48.1783,-2.7543,49.1,93,46,7.61,FR,1643580326
Touros,-5.1989,-35.4608,80.51,76,20,12.57,BR,1643580061
Nur-Sultan,51.1801,71.446,12.15,85,100,13.42,KZ,1643580327
Arkhangelsk,64.5401,40.5433,15.91,92,100,4.47,RU,1643580327
Thanh Pho Uong Bi,21.0333,106.7833,55.38,90,100,3.36,VN,1643580328
Bud,39.447,-86.1758,36.82,59,57,9.26,US,1643580328
El Reno,35.5323,-97.955,66.54,15,0,4.61,US,1643580329
Mbanza-Ngungu,-5.25,14.8667,67.82,95,100,3.02,CD,1643580330
Hambantota,6.1241,81.1185,75.54,100,0,2.3,LK,1643580330
Tolga,34.7222,5.3785,51.58,28,0,4.9,DZ,1643580331
Santa Cruz Cabrália,-16.2781,-39.0247,80.83,83,20,12.66,BR,1643580331
Ormara,25.2088,64.6357,72.19,75,0,16.33,PK,1643580332
Kewanee,41.2456,-89.9248,29.53,82,100,8.55,US,1643580333
Sakakah,29.9697,40.2064,48.34,44,100,12.1,SA,1643580333
Savannah Bight,16.45,-85.85,73.99,66,90,14.52,HN,1643580334
Pendleton,45.6721,-118.7886,49.91,35,99,0.92,US,1643580128
La Plata,-34.9215,-57.9545,86.04,48,2,6.73,AR,1643580335
Linares,-35.85,-71.6,86.05,19,0,10.63,CL,1643580335
Kāzerūn,29.6195,51.6541,51.51,49,83,1.21,IR,1643580336
Alice Springs,-23.7,133.8833,72.95,100,75,10.36,AU,1643580212
Abu Dhabi,24.4667,54.3667,66.96,72,0,1.14,AE,1643580182
Scarborough,54.2797,-0.4044,46.51,86,94,5.01,GB,1643580070
Changqing,36.5575,116.7272,29.34,28,62,8.5,CN,1643580338
Kasane,-17.8167,25.15,66.04,98,100,6.69,BW,1643580339
Torbay,47.6666,-52.7314,40.57,81,100,13.0,CA,1643580331
Cururupu,-1.8283,-44.8683,74.71,95,98,5.86,BR,1643580340
Sorong,-0.8833,131.25,81.57,76,100,10.76,ID,1643580316
Kaitangata,-46.2817,169.8464,68.94,75,16,0.29,NZ,1643580341
Mil'kovo,54.7167,158.6167,10.74,93,100,2.51,RU,1643580342
Ganzhou,28.8184,115.4327,39.27,83,100,2.75,CN,1643580343
São Gabriel da Cachoeira,-0.1303,-67.0892,81.16,78,80,0.49,BR,1643580344
Ojinaga,29.5667,-104.4167,73.58,32,0,3.44,MX,1643580345
Juneau,58.3019,-134.4197,35.6,93,100,3.44,US,1643580345
Meulaboh,4.1363,96.1285,76.55,86,86,3.22,ID,1643580346
Churapcha,62.0025,132.4325,-38.04,100,86,1.95,RU,1643580346
Santa Cruz de la Sierra,-17.8,-63.1667,88.99,38,13,8.3,BO,1643580182
Skibbereen,51.55,-9.2667,46.2,76,94,16.82,IE,1643580347
Agüimes,27.9054,-15.4461,59.67,72,6,3.44,ES,1643580348
Kruisfontein,-34.0033,24.7314,68.88,96,80,5.3,ZA,1643580151
Ubari,26.5921,12.7805,45.19,50,0,3.29,LY,1643580349
Arrondissement de Muret,43.3333,1.25,37.78,94,3,6.71,FR,1643580349
Bar Harbor,44.3876,-68.2039,21.02,48,0,18.99,US,1643580350
San Patricio,28.017,-97.5169,71.69,54,45,13.47,US,1643580351
Fort William,56.8165,-5.1121,44.31,77,100,23.94,GB,1643580351
Shelburne,44.0787,-80.2041,16.84,73,64,5.61,CA,1643580075
Namie,37.4833,141.0,31.96,69,49,12.33,JP,1643580353
Kamenskiy,50.8855,45.488,20.95,95,98,9.31,RU,1643580354
Bridlington,54.0831,-0.1919,45.9,71,96,30.71,GB,1643580354
Bibiani,6.4635,-2.3194,70.97,30,100,3.33,GH,1643580355
Safi,32.2994,-9.2372,63.14,52,39,6.6,MA,1643580146
Kralendijk,12.15,-68.2667,78.44,69,10,13.09,BQ,1643580367
Mayen,50.3333,7.2167,37.67,88,60,5.82,DE,1643580367
Chabahar,25.2919,60.643,71.71,77,0,13.71,IR,1643580312
Beroroha,-21.6667,45.1667,77.58,61,0,6.11,MG,1643580369
Forsytheganj,52.6333,29.7333,31.73,97,100,8.1,BY,1643580369
Rio Claro,-22.4114,-47.5614,68.4,96,100,4.05,BR,1643580138
Srednekolymsk,67.45,153.6833,-27.63,100,100,3.69,RU,1643580371
Tagusao,9.1924,117.8141,78.3,84,10,4.56,PH,1643580371
Andros,37.8333,24.9333,48.76,71,11,3.56,GR,1643580372
Suba,10.8438,121.0102,80.44,80,63,5.91,PH,1643580372
Airai,-8.9266,125.4092,60.91,90,82,4.03,TL,1643580373
Ballina,-28.8667,153.5667,77.04,96,52,8.43,AU,1643580373
Plettenberg Bay,-34.0527,23.3716,69.19,93,85,1.92,ZA,1643580374
Buala,-8.145,159.5921,82.51,78,100,4.83,SB,1643580374
Bonthe,7.5264,-12.505,78.57,84,7,8.95,SL,1643580375
San Bartolomé de Tirajana,27.9248,-15.5733,52.32,77,6,3.44,ES,1643580376
Rancho Palos Verdes,33.7445,-118.387,77.94,51,0,5.01,US,1643580376
Half Moon Bay,37.4636,-122.4286,66.54,72,0,4.0,US,1643580377
Havøysund,70.9963,24.6622,31.08,62,94,13.96,NO,1643580378
Correntina,-13.3433,-44.6367,70.74,91,99,3.78,BR,1643580378
Quechultenango,17.4167,-99.2167,78.85,52,79,6.15,MX,1643580379
Ambon City,-3.6954,128.1814,82.54,74,40,14.97,ID,1643580380
Vila Franca do Campo,37.7167,-25.4333,59.41,80,47,15.12,PT,1643580356
Shahreza,32.0339,51.8794,34.12,39,1,4.43,IR,1643580380
Cravo Norte,6.3017,-70.2041,92.64,26,100,10.22,CO,1643580381
Ust-Maya,60.4167,134.5333,-33.39,100,100,0.69,RU,1643580376
Mitsamiouli,-11.3847,43.2844,80.51,74,2,3.42,KM,1643580383
Daru,-9.0763,143.2092,76.21,89,100,7.29,PG,1643580383
Atar,20.5169,-13.0499,79.79,11,100,8.72,MR,1643580385
Horodnytsya,50.807,27.3168,31.24,95,100,19.35,UA,1643580386
Nuevo Ideal,24.8875,-105.0728,68.95,13,16,24.81,MX,1643580387
Ust'-Kulom,61.6864,53.6902,-9.27,100,86,2.33,RU,1643580387
Novodugino,55.6305,34.2842,25.38,96,100,7.72,RU,1643580388
Tromsø,69.6496,18.957,23.02,74,75,14.97,NO,1643580389
Bentiu,9.2333,29.8333,74.28,19,100,7.0,SS,1643580389
Illapel,-31.6308,-71.1653,73.31,60,3,7.61,CL,1643580390
Sitka,57.0531,-135.33,36.46,95,99,1.74,US,1643580163
Sechura,-5.5569,-80.8222,78.06,63,76,14.61,PE,1643580391
Walvis Bay,-22.9575,14.5053,66.09,82,100,9.57,NA,1643580391
Bambous Virieux,-20.3428,57.7575,79.05,94,75,11.5,MU,1643580392
Manado,1.487,124.8455,74.17,100,20,0.0,ID,1643580392
Glace Bay,46.1969,-59.957,27.97,72,93,7.0,CA,1643580276
Goianápolis,-16.5106,-49.0239,72.68,96,100,4.38,BR,1643580393
Pervomayskiy,53.2485,40.2871,22.14,95,100,13.47,RU,1643580394
Malatya Province,38.5,38.0,21.25,93,75,2.3,TR,1643580394
Zonguldak,41.25,31.8333,32.16,99,100,5.28,TR,1643580395
Mangan,27.5167,88.5333,50.13,62,90,3.78,IN,1643580395
Gazli,40.1333,63.45,33.8,61,70,13.27,UZ,1643580397
Barsovo,61.1667,73.1667,6.93,99,100,5.37,RU,1643580397
Bāfq,31.6128,55.4107,45.79,34,56,0.58,IR,1643580398
Saint-Pierre,-21.3393,55.4781,78.48,73,11,11.5,RE,1643580399
Itaituba,-4.2761,-55.9836,75.31,89,100,0.74,BR,1643580399
Ostrovnoy,68.0531,39.5131,12.16,95,98,8.23,RU,1643580400
Nagapattinam,10.7667,79.8333,76.96,78,33,9.37,IN,1643580400
Clarence Town,-32.5833,151.7833,79.34,66,66,1.05,AU,1643580401
Ilia Prefecture,37.75,21.5833,43.9,79,22,3.18,GR,1643580401
Nkowakowa,-23.8878,30.2871,69.53,89,93,1.21,ZA,1643580402
Yashkul',46.1711,45.3435,30.74,88,70,8.14,RU,1643580402
Katobu,-4.9408,122.5276,76.66,90,100,3.33,ID,1643580403
Cienfuegos,22.1461,-80.4356,65.21,42,0,15.77,CU,1643580248
Rabak,13.1809,32.74,67.6,14,9,15.32,SD,1643580404
Kerema,-7.9631,145.7785,76.87,81,100,4.56,PG,1643580405
Kasongo-Lunda,-6.4667,16.8167,71.6,90,100,1.48,CD,1643580406
Paulo Afonso,-9.4061,-38.2147,85.73,45,91,15.73,BR,1643580196
Youghal,51.95,-7.8506,44.67,89,98,17.25,IE,1643580407
Muroto-misakicho,33.2833,134.15,35.64,57,19,15.93,JP,1643580407
Parambu,-6.2111,-40.6944,75.13,66,99,3.6,BR,1643580408
Mizdah,31.4451,12.9801,43.99,77,0,7.36,LY,1643580408
Lethem,3.3803,-59.7968,89.19,39,82,14.47,GY,1643580409
Sesheke,-17.4759,24.2968,66.49,98,97,7.76,ZM,1643580410
Telford,52.6766,-2.4493,47.16,63,84,24.02,GB,1643580411
Kapuskasing,49.4169,-82.4331,1.56,91,100,5.01,CA,1643580411
Rome,43.2128,-75.4557,19.26,47,0,4.61,US,1643580219
Great Falls,47.5002,-111.3008,51.42,28,100,10.0,US,1643579987
Konyshevka,51.8418,35.2941,29.91,95,100,13.62,RU,1643580413
Port Hedland,-20.3167,118.5667,80.65,83,94,9.22,AU,1643580413
Dehlorān,32.6941,47.2679,51.67,34,31,3.87,IR,1643580417
Nivala,63.9167,24.9667,16.68,94,100,7.0,FI,1643580147
Kudahuvadhoo,2.6708,72.8944,81.48,77,45,11.95,MV,1643580418
Umarkot,25.3616,69.7362,64.29,88,0,8.61,PK,1643580419
Anantapur,14.6833,77.6,72.07,60,2,4.5,IN,1643580421
Avera,33.194,-82.5271,58.71,47,0,14.76,US,1643580148
Ambilobe,-13.2,49.05,74.39,93,86,1.88,MG,1643580400
Guozhen,34.3659,107.359,28.27,66,39,1.88,CN,1643580422
Intipucá,13.1969,-88.0544,94.89,38,10,10.89,SV,1643580423
Margate,51.3813,1.3862,44.31,78,94,5.99,GB,1643580219
Yakeshi,49.2833,120.7333,-29.92,100,93,1.61,CN,1643580424
Port Macquarie,-31.4333,152.9167,77.9,77,8,4.59,AU,1643580425
Port Hardy,50.6996,-127.4199,42.76,87,100,10.36,CA,1643580425
Pangody,65.85,74.4859,-4.4,98,98,7.0,RU,1643580426
Wencheng,33.0559,113.7978,33.62,83,100,4.79,CN,1643580426
Ugep,5.8086,8.0812,74.7,32,97,2.39,NG,1643580427
Perth,-31.9333,115.8333,68.04,70,0,11.5,AU,1643580428
Farim,12.4839,-15.2217,77.02,36,73,5.77,GW,1643580428
Viedma,-40.8135,-62.9967,69.15,18,64,20.69,AR,1643580429
Tullamore,53.2739,-7.4889,44.38,84,81,15.43,IE,1643580430
Belyy Yar,53.6039,91.3903,-20.31,81,75,2.24,RU,1643580431
Sur,22.5667,59.5289,71.37,65,0,5.23,OM,1643580247
Kungurtug,50.5994,97.5228,-23.37,98,24,1.52,RU,1643580362
Béboto,8.2668,16.939,75.4,16,89,7.65,TD,1643580432
Kang,-23.6752,22.7876,68.83,82,99,14.12,BW,1643580433
Alofi,-19.0595,-169.9187,73.87,87,100,8.57,NU,1643580435
Teguise,29.0605,-13.564,62.82,39,0,9.22,ES,1643580435
Katsuura,35.1333,140.3,38.19,52,100,11.48,JP,1643580436
Hamilton,39.1834,-84.5333,39.72,58,0,1.99,US,1643580324
